JD,PhaseAngle_deg,Distance_AU,ApparentMagnitude
2442435.563491,8.753405,0.151123,9.095338
2442435.563838,8.753510,0.151123,9.091066
2442435.564185,8.753615,0.151123,9.086969
2442435.564532,8.753720,0.151123,9.083049
2442435.564879,8.753824,0.151123,9.079302
2442435.565227,8.753929,0.151123,9.075733
2442435.565574,8.754034,0.151123,9.072341
2442435.565921,8.754139,0.151123,9.069124
2442435.566268,8.754244,0.151123,9.066080
2442435.566616,8.754349,0.151123,9.063212
2442435.566963,8.754454,0.151123,9.060523
2442435.567310,8.754559,0.151123,9.058013
2442435.567657,8.754663,0.151123,9.055680
2442435.568004,8.754769,0.151123,9.053528
2442435.568352,8.754874,0.151123,9.051549
2442435.568699,8.754979,0.151123,9.049746
2442435.569046,8.755084,0.151123,9.048120
2442435.569393,8.755189,0.151123,9.046673
2442435.569741,8.755294,0.151123,9.045400
2442435.570088,8.755399,0.151123,9.044301
2442435.570435,8.755504,0.151123,9.043377
2442435.570782,8.755609,0.151123,9.042628
2442435.571129,8.755715,0.151123,9.042057
2442435.571477,8.755820,0.151123,9.041658
2442435.571824,8.755925,0.151123,9.041436
2442435.572171,8.756031,0.151123,9.041391
2442435.572518,8.756136,0.151123,9.041524
2442435.572866,8.756241,0.151123,9.041833
2442435.573213,8.756347,0.151123,9.042318
2442435.573560,8.756452,0.151123,9.042981
2442435.573907,8.756557,0.151123,9.043821
2442435.574254,8.756663,0.151123,9.044839
2442435.574602,8.756768,0.151123,9.046034
2442435.574949,8.756874,0.151123,9.047407
2442435.575296,8.756979,0.151123,9.048957
2442435.575643,8.757085,0.151123,9.050686
2442435.575991,8.757191,0.151122,9.052595
2442435.576338,8.757296,0.151122,9.054682
2442435.576685,8.757402,0.151122,9.056944
2442435.577032,8.757507,0.151122,9.059384
2442435.577379,8.757613,0.151122,9.062001
2442435.577727,8.757719,0.151122,9.064791
2442435.578074,8.757825,0.151122,9.067760
2442435.578421,8.757930,0.151122,9.070904
2442435.578768,8.758036,0.151122,9.074225
2442435.579116,8.758142,0.151122,9.077723
2442435.579463,8.758248,0.151122,9.081402
2442435.579810,8.758354,0.151122,9.085256
2442435.580157,8.758459,0.151122,9.089279
2442435.580504,8.758565,0.151122,9.093487
2442435.580852,8.758671,0.151122,9.097872
2442435.581199,8.758777,0.151122,9.102439
2442435.581546,8.758883,0.151122,9.107185
2442435.581893,8.758989,0.151122,9.112112
2442435.582241,8.759095,0.151122,9.117219
2442435.582588,8.759201,0.151122,9.122507
2442435.582935,8.759307,0.151122,9.127977
2442435.583282,8.759413,0.151122,9.133630
2442435.583629,8.759519,0.151122,9.139466
2442435.583977,8.759626,0.151122,9.145483
2442435.584324,8.759732,0.151122,9.151732
2442435.584671,8.759838,0.151122,9.158121
2442435.585018,8.759944,0.151122,9.164696
2442435.585366,8.760050,0.151122,9.171459
2442435.585713,8.760157,0.151122,9.178404
2442435.586060,8.760263,0.151122,9.185533
2442435.586407,8.760369,0.151122,9.192850
2442435.586754,8.760476,0.151122,9.200354
2442435.587102,8.760582,0.151122,9.208047
2442435.587449,8.760688,0.151122,9.215928
2442435.587796,8.760795,0.151122,9.223993
2442435.588143,8.760901,0.151122,9.232243
2442435.588491,8.761008,0.151122,9.240674
2442435.588838,8.761114,0.151122,9.249291
2442435.589185,8.761221,0.151122,9.258100
2442435.589532,8.761327,0.151122,9.267098
2442435.589879,8.761434,0.151122,9.276285
2442435.590227,8.761540,0.151122,9.285664
2442435.590574,8.761647,0.151122,9.295233
2442435.590921,8.761754,0.151122,9.304994
2442435.591268,8.761860,0.151122,9.314946
2442435.591616,8.761967,0.151122,9.325090
2442435.591963,8.762074,0.151122,9.335423
2442435.592310,8.762180,0.151122,9.345949
2442435.592657,8.762287,0.151122,9.356660
2442435.593004,8.762394,0.151122,9.367563
2442435.593352,8.762501,0.151122,9.378661
2442435.593699,8.762608,0.151122,9.389944
2442435.594046,8.762714,0.151122,9.401415
2442435.594393,8.762821,0.151122,9.413077
2442435.594741,8.762928,0.151122,9.424928
2442435.595088,8.763035,0.151122,9.436960
2442435.595435,8.763142,0.151122,9.449148
2442435.595782,8.763249,0.151122,9.461537
2442435.596129,8.763356,0.151122,9.474120
2442435.596477,8.763463,0.151122,9.486889
2442435.596824,8.763570,0.151122,9.499862
2442435.597171,8.763677,0.151122,9.512934
2442435.597518,8.763784,0.151122,9.526231
2442435.597866,8.763891,0.151122,9.539708
2442435.598213,8.763999,0.151122,9.553366
2442435.598560,8.764106,0.151122,9.567202
2442435.598907,8.764213,0.151122,9.581209
2442435.599254,8.764320,0.151122,9.595398
2442435.599602,8.764427,0.151122,9.609752
2442435.599949,8.764535,0.151122,9.624273
2442435.600296,8.764642,0.151122,9.638963
2442435.600643,8.764749,0.151122,9.653828
2442435.600991,8.764857,0.151122,9.668914
2442435.601338,8.764964,0.151122,9.684097
2442435.601685,8.765071,0.151122,9.699444
2442435.602032,8.765179,0.151121,9.714953
2442435.602379,8.765286,0.151121,9.730694
2442435.602727,8.765394,0.151121,9.746342
2442435.603074,8.765501,0.151121,9.762226
2442435.603421,8.765609,0.151121,9.778259
2442435.603768,8.765716,0.151121,9.794448
2442435.604116,8.765824,0.151121,9.810610
2442435.604463,8.765931,0.151121,9.827038
2442435.604810,8.766039,0.151121,9.843579
2442435.605157,8.766147,0.151121,9.860241
2442435.605504,8.766254,0.151121,9.877006
2442435.605852,8.766362,0.151121,9.893890
2442435.606199,8.766470,0.151121,9.910787
2442435.606546,8.766577,0.151121,9.927721
2442435.606893,8.766685,0.151121,9.944499
2442435.607241,8.766793,0.151121,9.961156
2442435.607588,8.766901,0.151121,9.977671
2442435.607935,8.767009,0.151121,9.994178
2442435.608282,8.767117,0.151121,10.010341
2442435.608629,8.767224,0.151121,10.026487
2442435.608977,8.767332,0.151121,10.042883
2442435.609324,8.767440,0.151121,10.058971
2442435.609671,8.767548,0.151121,10.075036
2442435.610018,8.767656,0.151121,10.091664
2442435.610366,8.767764,0.151121,10.107366
2442435.610713,8.767872,0.151121,10.123512
2442435.611060,8.767980,0.151121,10.138975
2442435.611407,8.768088,0.151121,10.154332
2442435.611754,8.768196,0.151121,10.169518
2442435.612102,8.768305,0.151121,10.184830
2442435.612449,8.768413,0.151121,10.199417
2442435.612796,8.768521,0.151121,10.214187
2442435.613143,8.768629,0.151121,10.228227
2442435.613491,8.768737,0.151121,10.241475
2442435.613838,8.768846,0.151121,10.254460
2442435.614185,8.768954,0.151121,10.267006
2442435.614532,8.769062,0.151121,10.279881
2442435.614879,8.769170,0.151121,10.291854
2442435.615227,8.769279,0.151121,10.303580
2442435.615574,8.769387,0.151121,10.315164
2442435.615921,8.769496,0.151121,10.325831
2442435.616268,8.769604,0.151121,10.335431
2442435.616616,8.769712,0.151121,10.345068
2442435.616963,8.769821,0.151121,10.354549
2442435.617310,8.769929,0.151121,10.363309
2442435.617657,8.770038,0.151121,10.371612
2442435.618004,8.770147,0.151121,10.380013
2442435.618352,8.770255,0.151121,10.386959
2442435.618699,8.770364,0.151121,10.392950
2442435.619046,8.770472,0.151121,10.398407
2442435.619393,8.770581,0.151121,10.404514
2442435.619741,8.770690,0.151121,10.408431
2442435.620088,8.770798,0.151121,10.412354
2442435.620435,8.770907,0.151121,10.417010
2442435.620782,8.771016,0.151121,10.419756
2442435.621129,8.771125,0.151121,10.422296
2442435.621477,8.771233,0.151121,10.427676
2442435.621824,8.771342,0.151121,10.433087
2442435.622171,8.771451,0.151121,10.434886
2442435.622518,8.771560,0.151121,10.440686
2442435.622866,8.771669,0.151121,10.440399
2442435.623213,8.771778,0.151121,10.445442
2442435.623560,8.771887,0.151121,10.445680
2442435.623907,8.771996,0.151121,10.442902
2442435.624254,8.772104,0.151121,10.439584
2442435.624602,8.772214,0.151121,10.438706
2442435.624949,8.772323,0.151121,10.439889
2442435.625296,8.772432,0.151121,10.436297
2442435.625643,8.772541,0.151121,10.432336
2442435.625991,8.772650,0.151121,10.431955
2442435.626338,8.772759,0.151121,10.426780
2442435.626685,8.772868,0.151121,10.421720
2442435.627032,8.772977,0.151121,10.414568
2442435.627379,8.773086,0.151121,10.407767
2442435.627727,8.773196,0.151121,10.395763
2442435.628074,8.773305,0.151121,10.387078
2442435.628421,8.773414,0.151121,10.376515
2442435.628768,8.773524,0.151121,10.369017
2442435.629116,8.773633,0.151121,10.360442
2442435.629463,8.773742,0.151121,10.351261
2442435.629810,8.773852,0.151121,10.336118
2442435.630157,8.773961,0.151121,10.325610
2442435.630504,8.774070,0.151121,10.316799
2442435.630852,8.774180,0.151121,10.303519
2442435.631199,8.774289,0.151120,10.292369
2442435.631546,8.774399,0.151120,10.280693
2442435.631893,8.774508,0.151120,10.266377
2442435.632241,8.774618,0.151120,10.251003
2442435.632588,8.774727,0.151120,10.239340
2442435.632935,8.774837,0.151120,10.228050
2442435.633282,8.774947,0.151120,10.216017
2442435.633629,8.775056,0.151120,10.202148
2442435.633977,8.775166,0.151120,10.186764
2442435.634324,8.775276,0.151120,10.174025
2442435.634671,8.775385,0.151120,10.160759
2442435.635018,8.775495,0.151120,10.141648
2442435.635366,8.775605,0.151120,10.129477
2442435.635713,8.775715,0.151120,10.116945
2442435.636060,8.775825,0.151120,10.101623
2442435.636407,8.775934,0.151120,10.086206
2442435.636754,8.776044,0.151120,10.073146
2442435.637102,8.776154,0.151120,10.060811
2442435.637449,8.776264,0.151120,10.048180
2442435.637796,8.776374,0.151120,10.034245
2442435.638143,8.776484,0.151120,10.020103
2442435.638491,8.776594,0.151120,10.003984
2442435.638838,8.776704,0.151120,9.991201
2442435.639185,8.776814,0.151120,9.975211
2442435.639532,8.776924,0.151120,9.962284
2442435.639879,8.777034,0.151120,9.948008
2442435.640227,8.777144,0.151120,9.929956
2442435.640574,8.777254,0.151120,9.916396
2442435.640921,8.777365,0.151120,9.904388
2442435.641268,8.777475,0.151120,9.890000
2442435.641616,8.777585,0.151120,9.876418
2442435.641963,8.777695,0.151120,9.862917
2442435.642310,8.777805,0.151120,9.850941
2442435.642657,8.777916,0.151120,9.838190
2442435.643004,8.778026,0.151120,9.825134
2442435.643352,8.778136,0.151120,9.812496
2442435.643699,8.778247,0.151120,9.797779
2442435.644046,8.778357,0.151120,9.786381
2442435.644393,8.778467,0.151120,9.775185
2442435.644741,8.778578,0.151120,9.761623
2442435.645088,8.778688,0.151120,9.748872
2442435.645435,8.778799,0.151120,9.737962
2442435.645782,8.778909,0.151120,9.727040
2442435.646129,8.779020,0.151120,9.714630
2442435.646477,8.779130,0.151120,9.703793
2442435.646824,8.779241,0.151120,9.691829
2442435.647171,8.779352,0.151120,9.680431
2442435.647518,8.779462,0.151120,9.669962
2442435.647866,8.779573,0.151120,9.659706
2442435.648213,8.779683,0.151120,9.649212
2442435.648560,8.779794,0.151120,9.638998
2442435.648907,8.779905,0.151120,9.629062
2442435.649254,8.780016,0.151120,9.618735
2442435.649602,8.780126,0.151120,9.608897
2442435.649949,8.780237,0.151120,9.599115
2442435.650296,8.780348,0.151120,9.589566
2442435.650643,8.780459,0.151120,9.580087
2442435.650991,8.780570,0.151120,9.570815
2442435.651338,8.780681,0.151120,9.561587
2442435.651685,8.780792,0.151120,9.552383
2442435.652032,8.780902,0.151120,9.543360
2442435.652379,8.781013,0.151120,9.534455
2442435.652727,8.781124,0.151120,9.525668
2442435.653074,8.781235,0.151120,9.516941
2442435.653421,8.781346,0.151120,9.508386
2442435.653768,8.781458,0.151120,9.499887
2442435.654116,8.781569,0.151120,9.491334
2442435.654463,8.781680,0.151120,9.483105
2442435.654810,8.781791,0.151120,9.474610
2442435.655157,8.781902,0.151120,9.466506
2442435.655504,8.782013,0.151120,9.458586
2442435.655852,8.782124,0.151120,9.450774
2442435.656199,8.782236,0.151120,9.443089
2442435.656546,8.782347,0.151120,9.435520
2442435.656893,8.782458,0.151120,9.428012
2442435.657241,8.782569,0.151120,9.420672
2442435.657588,8.782681,0.151120,9.413436
2442435.657935,8.782792,0.151120,9.406330
2442435.658282,8.782904,0.151120,9.399337
2442435.658629,8.783015,0.151120,9.392453
2442435.658977,8.783126,0.151120,9.385688
2442435.659324,8.783238,0.151120,9.379042
2442435.659671,8.783349,0.151120,9.372497
2442435.660018,8.783461,0.151120,9.366081
2442435.660366,8.783572,0.151120,9.359784
2442435.660713,8.783684,0.151120,9.353603
2442435.661060,8.783795,0.151120,9.347544
2442435.661407,8.783907,0.151120,9.341605
2442435.661754,8.784019,0.151120,9.335785
2442435.662102,8.784130,0.151120,9.330088
2442435.662449,8.784242,0.151120,9.324509
2442435.662796,8.784354,0.151120,9.319079
2442435.663143,8.784465,0.151120,9.313735
2442435.663491,8.784577,0.151120,9.308507
2442435.663838,8.784689,0.151120,9.303385
2442435.664185,8.784801,0.151120,9.298386
2442435.664532,8.784913,0.151120,9.293513
2442435.664879,8.785024,0.151119,9.288763
2442435.665227,8.785136,0.151119,9.284139
2442435.665574,8.785248,0.151119,9.279625
2442435.665921,8.785360,0.151119,9.275234
2442435.666268,8.785472,0.151119,9.270962
2442435.666616,8.785584,0.151119,9.266814
2442435.666963,8.785696,0.151119,9.262786
2442435.667310,8.785808,0.151119,9.258875
2442435.667657,8.785920,0.151119,9.255074
2442435.668004,8.786032,0.151119,9.251390
2442435.668352,8.786144,0.151119,9.247838
2442435.668699,8.786256,0.151119,9.244393
2442435.669046,8.786368,0.151119,9.241068
2442435.669393,8.786480,0.151119,9.237860
2442435.669741,8.786593,0.151119,9.234760
2442435.670088,8.786705,0.151119,9.231776
2442435.670435,8.786817,0.151119,9.228902
2442435.670782,8.786929,0.151119,9.226141
2442435.671129,8.787042,0.151119,9.223492
2442435.671477,8.787154,0.151119,9.220953
2442435.671824,8.787266,0.151119,9.218528
2442435.672171,8.787379,0.151119,9.216217
2442435.672518,8.787491,0.151119,9.214019
2442435.672866,8.787603,0.151119,9.211934
2442435.673213,8.787716,0.151119,9.209960
2442435.673560,8.787828,0.151119,9.208101
2442435.673907,8.787941,0.151119,9.206356
2442435.674254,8.788053,0.151119,9.204725
2442435.674602,8.788166,0.151119,9.203197
2442435.674949,8.788278,0.151119,9.201754
2442435.675296,8.788391,0.151119,9.200440
2442435.675643,8.788503,0.151119,9.199231
2442435.675991,8.788616,0.151119,9.198113
2442435.676338,8.788729,0.151119,9.197117
2442435.676685,8.788841,0.151119,9.196216
2442435.677032,8.788954,0.151119,9.195403
2442435.677379,8.789067,0.151119,9.194572
2442435.677727,8.789180,0.151119,9.193957
2442435.678074,8.789292,0.151119,9.193455
2442435.678421,8.789405,0.151119,9.192887
2442435.678768,8.789518,0.151119,9.192556
2442435.679116,8.789631,0.151119,9.192313
2442435.679463,8.789744,0.151119,9.192212
2442435.679810,8.789857,0.151119,9.192193
2442435.680157,8.789969,0.151119,9.192057
2442435.680504,8.790082,0.151119,9.192251
2442435.680852,8.790195,0.151119,9.192535
2442435.681199,8.790308,0.151119,9.192682
2442435.681546,8.790421,0.151119,9.193162
2442435.681893,8.790534,0.151119,9.193742
2442435.682241,8.790647,0.151119,9.194427
2442435.682588,8.790760,0.151119,9.195205
2442435.682935,8.790874,0.151119,9.195821
2442435.683282,8.790987,0.151119,9.196792
2442435.683629,8.791100,0.151119,9.197739
2442435.683977,8.791213,0.151119,9.198908
2442435.684324,8.791326,0.151119,9.200179
2442435.684671,8.791439,0.151119,9.201552
2442435.685018,8.791553,0.151119,9.203026
2442435.685366,8.791666,0.151119,9.204600
2442435.685713,8.791779,0.151119,9.206274
2442435.686060,8.791893,0.151119,9.208048
2442435.686407,8.792006,0.151119,9.209921
2442435.686754,8.792119,0.151119,9.211889
2442435.687102,8.792233,0.151119,9.213953
2442435.687449,8.792346,0.151119,9.216113
2442435.687796,8.792460,0.151119,9.218366
2442435.688143,8.792573,0.151119,9.220720
2442435.688491,8.792687,0.151119,9.223169
2442435.688838,8.792800,0.151119,9.225716
2442435.689185,8.792914,0.151119,9.228359
2442435.689532,8.793027,0.151119,9.231104
2442435.689879,8.793141,0.151119,9.233943
2442435.690227,8.793254,0.151119,9.236878
2442435.690574,8.793368,0.151119,9.239871
2442435.690921,8.793482,0.151119,9.242975
2442435.691268,8.793595,0.151119,9.246172
2442435.691616,8.793709,0.151119,9.249465
2442435.691963,8.793823,0.151119,9.252855
2442435.692310,8.793937,0.151119,9.256335
2442435.692657,8.794050,0.151119,9.259903
2442435.693004,8.794164,0.151119,9.263567
2442435.693352,8.794278,0.151119,9.267317
2442435.693699,8.794392,0.151119,9.271153
2442435.694046,8.794506,0.151119,9.275207
2442435.694393,8.794620,0.151119,9.279213
2442435.694741,8.794734,0.151119,9.283310
2442435.695088,8.794848,0.151119,9.287565
2442435.695435,8.794962,0.151119,9.291872
2442435.695782,8.795076,0.151119,9.296238
2442435.696129,8.795190,0.151119,9.300804
2442435.696477,8.795304,0.151119,9.305388
2442435.696824,8.795418,0.151119,9.310034
2442435.697171,8.795532,0.151119,9.314805
2442435.697518,8.795646,0.151119,9.319609
2442435.697866,8.795760,0.151119,9.324498
2442435.698213,8.795874,0.151119,9.329545
2442435.698560,8.795988,0.151119,9.334749
2442435.698907,8.796103,0.151119,9.339973
2442435.699254,8.796217,0.151119,9.345190
2442435.699602,8.796331,0.151119,9.350525
2442435.699949,8.796446,0.151119,9.355937
2442435.700296,8.796560,0.151119,9.361469
2442435.700643,8.796674,0.151119,9.367074
2442435.700991,8.796789,0.151119,9.372701
2442435.701338,8.796903,0.151119,9.378426
2442435.701685,8.797017,0.151119,9.384223
2442435.702032,8.797132,0.151119,9.390135
2442435.702379,8.797246,0.151119,9.396201
2442435.702727,8.797361,0.151119,9.402264
2442435.703074,8.797475,0.151119,9.408390
2442435.703421,8.797590,0.151119,9.414597
2442435.703768,8.797704,0.151119,9.420966
2442435.704116,8.797819,0.151119,9.427314
2442435.704463,8.797934,0.151119,9.433744
2442435.704810,8.798048,0.151119,9.440275
2442435.705157,8.798163,0.151119,9.446871
2442435.705504,8.798278,0.151119,9.453547
2442435.705852,8.798392,0.151119,9.460308
2442435.706199,8.798507,0.151118,9.467133
2442435.706546,8.798622,0.151118,9.474037
2442435.706893,8.798737,0.151118,9.481115
2442435.707241,8.798851,0.151118,9.488156
2442435.707588,8.798966,0.151118,9.495276
2442435.707935,8.799081,0.151118,9.502476
2442435.708282,8.799196,0.151118,9.509791
2442435.708629,8.799311,0.151118,9.517142
2442435.708977,8.799426,0.151118,9.524568
2442435.709324,8.799541,0.151118,9.532245
2442435.709671,8.799656,0.151118,9.539794
2442435.710018,8.799771,0.151118,9.547512
2442435.710366,8.799886,0.151118,9.555179
2442435.710713,8.800001,0.151118,9.562988
2442435.711060,8.800116,0.151118,9.570790
2442435.711407,8.800231,0.151118,9.578662
2442435.711754,8.800346,0.151118,9.586651
2442435.712102,8.800461,0.151118,9.594641
2442435.712449,8.800576,0.151118,9.602702
2442435.712796,8.800691,0.151118,9.610881
2442435.713143,8.800807,0.151118,9.619066
2442435.713491,8.800922,0.151118,9.627384
2442435.713838,8.801037,0.151118,9.635701
2442435.714185,8.801152,0.151118,9.644088
2442435.714532,8.801268,0.151118,9.652516
2442435.714879,8.801383,0.151118,9.661119
2442435.715227,8.801498,0.151118,9.669673
2442435.715574,8.801614,0.151118,9.678283
2442435.715921,8.801729,0.151118,9.686967
2442435.716268,8.801845,0.151118,9.695803
2442435.716616,8.801960,0.151118,9.704744
2442435.716963,8.802076,0.151118,9.713640
2442435.717310,8.802191,0.151118,9.722575
2442435.717657,8.802307,0.151118,9.731576
2442435.718004,8.802422,0.151118,9.740679
2442435.718352,8.802538,0.151118,9.749768
2442435.718699,8.802653,0.151118,9.759227
2442435.719046,8.802769,0.151118,9.768432
2442435.719393,8.802885,0.151118,9.777692
2442435.719741,8.803000,0.151118,9.787343
2442435.720088,8.803116,0.151118,9.796707
2442435.720435,8.803232,0.151118,9.806115
2442435.720782,8.803348,0.151118,9.815784
2442435.721129,8.803463,0.151118,9.825552
2442435.721477,8.803579,0.151118,9.835257
2442435.721824,8.803695,0.151118,9.844862
2442435.722171,8.803811,0.151118,9.854827
2442435.722518,8.803927,0.151118,9.864913
2442435.722866,8.804043,0.151118,9.874790
2442435.723213,8.804158,0.151118,9.884639
2442435.723560,8.804274,0.151118,9.894480
2442435.723907,8.804390,0.151118,9.904579
2442435.724254,8.804506,0.151118,9.914930
2442435.724602,8.804622,0.151118,9.924939
2442435.724949,8.804738,0.151118,9.935158
2442435.725296,8.804854,0.151118,9.945331
2442435.725643,8.804971,0.151118,9.955512
2442435.725991,8.805087,0.151118,9.966235
2442435.726338,8.805203,0.151118,9.977870
2442435.726685,8.805319,0.151118,9.987997
2442435.727032,8.805435,0.151118,9.998308
2442435.727379,8.805551,0.151118,10.009501
2442435.727727,8.805668,0.151118,10.019724
2442435.728074,8.805784,0.151118,10.031633
2442435.728421,8.805900,0.151118,10.043958
2442435.728768,8.806016,0.151118,10.054835
2442435.729116,8.806133,0.151118,10.064791
2442435.729463,8.806249,0.151118,10.075233
2442435.729810,8.806366,0.151118,10.087283
2442435.730157,8.806482,0.151118,10.100586
2442435.730504,8.806598,0.151118,10.111384
2442435.730852,8.806715,0.151118,10.123818
2442435.731199,8.806831,0.151118,10.136763
2442435.731546,8.806948,0.151118,10.147875
2442435.731893,8.807064,0.151118,10.157965
2442435.732241,8.807181,0.151118,10.168142
2442435.732588,8.807297,0.151118,10.180370
2442435.732935,8.807414,0.151118,10.200513
2442435.733282,8.807531,0.151118,10.211578
2442435.733629,8.807647,0.151118,10.221643
2442435.733977,8.807764,0.151118,10.233814
2442435.734324,8.807881,0.151118,10.247576
2442435.734671,8.807997,0.151118,10.261666
2442435.735018,8.808114,0.151118,10.274515
2442435.735366,8.808231,0.151118,10.293652
2442435.735713,8.808348,0.151118,10.304218
2442435.736060,8.808464,0.151118,10.310577
2442435.736407,8.808581,0.151118,10.320530
2442435.736754,8.808698,0.151118,10.326406
2442435.737102,8.808815,0.151118,10.340121
2442435.737449,8.808932,0.151118,10.351098
2442435.737796,8.809049,0.151118,10.353117
2442435.738143,8.809166,0.151118,10.360356
2442435.738491,8.809283,0.151118,10.369161
2442435.738838,8.809400,0.151118,10.370094
2442435.739185,8.809517,0.151118,10.372353
2442435.739532,8.809634,0.151118,10.372755
2442435.739879,8.809751,0.151118,10.368062
2442435.740227,8.809868,0.151118,10.374317
2442435.740574,8.809985,0.151118,10.372012
2442435.740921,8.810102,0.151118,10.370782
2442435.741268,8.810220,0.151118,10.370467
2442435.741616,8.810337,0.151118,10.366735
2442435.741963,8.810454,0.151118,10.362303
2442435.742310,8.810571,0.151118,10.357734
2442435.742657,8.810688,0.151118,10.350822
2442435.743004,8.810806,0.151118,10.341933
2442435.743352,8.810923,0.151118,10.334714
2442435.743699,8.811040,0.151118,10.324090
2442435.744046,8.811158,0.151118,10.318214
2442435.744393,8.811275,0.151118,10.308012
2442435.744741,8.811393,0.151118,10.302153
2442435.745088,8.811510,0.151118,10.283287
2442435.745435,8.811627,0.151118,10.273686
2442435.745782,8.811745,0.151118,10.260007
2442435.746129,8.811862,0.151118,10.249066
2442435.746477,8.811980,0.151118,10.241647
2442435.746824,8.812098,0.151118,10.232483
2442435.747171,8.812215,0.151118,10.222993
2442435.747518,8.812333,0.151118,10.213506
2442435.747866,8.812450,0.151118,10.203421
2442435.748213,8.812568,0.151118,10.191339
2442435.748560,8.812686,0.151118,10.179719
2442435.748907,8.812803,0.151118,10.169131
2442435.749254,8.812921,0.151118,10.158599
2442435.749602,8.813039,0.151118,10.147437
2442435.749949,8.813157,0.151118,10.136359
2442435.750296,8.813274,0.151118,10.121443
2442435.750643,8.813392,0.151118,10.109624
2442435.750991,8.813510,0.151118,10.096180
2442435.751338,8.813628,0.151118,10.084101
2442435.751685,8.813746,0.151118,10.071695
2442435.752032,8.813864,0.151118,10.058966
2442435.752379,8.813982,0.151118,10.045740
2442435.752727,8.814100,0.151118,10.032915
2442435.753074,8.814218,0.151118,10.019921
2442435.753421,8.814336,0.151118,10.006800
2442435.753768,8.814454,0.151118,9.993526
2442435.754116,8.814572,0.151118,9.979460
2442435.754463,8.814690,0.151118,9.965898
2442435.754810,8.814808,0.151118,9.952382
2442435.755157,8.814926,0.151118,9.938697
2442435.755504,8.815044,0.151118,9.924700
2442435.755852,8.815163,0.151118,9.910743
2442435.756199,8.815281,0.151118,9.896549
2442435.756546,8.815399,0.151118,9.882614
2442435.756893,8.815517,0.151118,9.868630
2442435.757241,8.815636,0.151118,9.854581
2442435.757588,8.815754,0.151118,9.840457
2442435.757935,8.815872,0.151118,9.826341
2442435.758282,8.815991,0.151118,9.812240
2442435.758629,8.816109,0.151118,9.798156
2442435.758977,8.816227,0.151118,9.783962
2442435.759324,8.816346,0.151118,9.769912
2442435.759671,8.816464,0.151118,9.755906
2442435.760018,8.816583,0.151118,9.741875
2442435.760366,8.816701,0.151118,9.727995
2442435.760713,8.816820,0.151118,9.714579
2442435.761060,8.816938,0.151118,9.700737
2442435.761407,8.817057,0.151118,9.686995
2442435.761754,8.817175,0.151118,9.673297
2442435.762102,8.817294,0.151118,9.659681
2442435.762449,8.817413,0.151118,9.646367
2442435.762796,8.817531,0.151118,9.633081
2442435.763143,8.817650,0.151118,9.620004
2442435.763491,8.817769,0.151118,9.606722
2442435.763838,8.817888,0.151118,9.593519
2442435.764185,8.818006,0.151118,9.580632
2442435.764532,8.818125,0.151118,9.567668
2442435.764879,8.818244,0.151118,9.554812
2442435.765227,8.818363,0.151118,9.542050
2442435.765574,8.818482,0.151118,9.529412
2442435.765921,8.818601,0.151117,9.516887
2442435.766268,8.818719,0.151117,9.504498
2442435.766616,8.818838,0.151117,9.492244
2442435.766963,8.818957,0.151117,9.480447
2442435.767310,8.819076,0.151117,9.468434
2442435.767657,8.819195,0.151117,9.456563
2442435.768004,8.819314,0.151117,9.445089
2442435.768352,8.819433,0.151117,9.433509
2442435.768699,8.819552,0.151117,9.422102
2442435.769046,8.819672,0.151117,9.410814
2442435.769393,8.819791,0.151117,9.399683
2442435.769741,8.819910,0.151117,9.388735
2442435.770088,8.820029,0.151117,9.377908
2442435.770435,8.820148,0.151117,9.367236
2442435.770782,8.820267,0.151117,9.356727
2442435.771129,8.820387,0.151117,9.346378
2442435.771477,8.820506,0.151117,9.336208
2442435.771824,8.820625,0.151117,9.326188
2442435.772171,8.820745,0.151117,9.316336
2442435.772518,8.820864,0.151117,9.306650
2442435.772866,8.820983,0.151117,9.297131
2442435.773213,8.821103,0.151117,9.287779
2442435.773560,8.821222,0.151117,9.278606
2442435.773907,8.821342,0.151117,9.269592
2442435.774254,8.821461,0.151117,9.260745
2442435.774602,8.821580,0.151117,9.252067
2442435.774949,8.821700,0.151117,9.243563
2442435.775296,8.821819,0.151117,9.235236
2442435.775643,8.821939,0.151117,9.227085
2442435.775991,8.822059,0.151117,9.219103
2442435.776338,8.822178,0.151117,9.211295
2442435.776685,8.822298,0.151117,9.203660
2442435.777032,8.822418,0.151117,9.196199
2442435.777379,8.822537,0.151117,9.188912
2442435.777727,8.822657,0.151117,9.181804
2442435.778074,8.822777,0.151117,9.174869
2442435.778421,8.822896,0.151117,9.168116
2442435.778768,8.823016,0.151117,9.161533
2442435.779116,8.823136,0.151117,9.155126
2442435.779463,8.823256,0.151117,9.148896
2442435.779810,8.823376,0.151117,9.142839
2442435.780157,8.823496,0.151117,9.136965
2442435.780504,8.823615,0.151117,9.131257
2442435.780852,8.823735,0.151117,9.125722
2442435.781199,8.823855,0.151117,9.120362
2442435.781546,8.823975,0.151117,9.115174
2442435.781893,8.824095,0.151117,9.110161
2442435.782241,8.824215,0.151117,9.105326
2442435.782588,8.824335,0.151117,9.100668
2442435.782935,8.824455,0.151117,9.096187
2442435.783282,8.824575,0.151117,9.091883
2442435.783629,8.824696,0.151117,9.087756
2442435.783977,8.824816,0.151117,9.083803
2442435.784324,8.824936,0.151117,9.080025
2442435.784671,8.825056,0.151117,9.076424
2442435.785018,8.825176,0.151117,9.072999
2442435.785366,8.825296,0.151117,9.069750
2442435.785713,8.825417,0.151117,9.066675
2442435.786060,8.825537,0.151117,9.063774
2442435.786407,8.825657,0.151117,9.061053
2442435.786754,8.825778,0.151117,9.058510
2442435.787102,8.825898,0.151117,9.056146
2442435.787449,8.826018,0.151117,9.053962
2442435.787796,8.826139,0.151117,9.051949
2442435.788143,8.826259,0.151117,9.050114
2442435.788491,8.826380,0.151117,9.048456
2442435.788838,8.826500,0.151117,9.046974
2442435.789185,8.826621,0.151117,9.045668
2442435.789532,8.826741,0.151117,9.044536
2442435.789879,8.826862,0.151117,9.043580
2442435.790227,8.826982,0.151117,9.042795
2442435.790574,8.827103,0.151117,9.042191
2442435.790921,8.827223,0.151117,9.041759
2442435.791268,8.827344,0.151117,9.041504
2442435.791616,8.827465,0.151117,9.041426
2442435.791963,8.827585,0.151117,9.041522
2442435.792310,8.827706,0.151117,9.041796
2442435.792657,8.827827,0.151117,9.042246
2442435.793004,8.827948,0.151117,9.042875
2442435.793352,8.828068,0.151117,9.043680
2442435.793699,8.828189,0.151117,9.044661
2442435.794046,8.828310,0.151117,9.045820
2442435.794393,8.828431,0.151117,9.047156
2442435.794741,8.828552,0.151117,9.048670
2442435.795088,8.828673,0.151117,9.050365
2442435.795435,8.828794,0.151117,9.052237
2442435.795782,8.828915,0.151117,9.054287
2442435.796129,8.829036,0.151117,9.056513
2442435.796477,8.829157,0.151117,9.058916
2442435.796824,8.829278,0.151117,9.061495
2442435.797171,8.829399,0.151117,9.064249
2442435.797518,8.829520,0.151117,9.067182
2442435.797866,8.829641,0.151117,9.070290
2442435.798213,8.829762,0.151117,9.073573
2442435.798560,8.829883,0.151117,9.077033
2442435.798907,8.830004,0.151117,9.080675
2442435.799254,8.830125,0.151117,9.084490
2442435.799602,8.830247,0.151117,9.088474
2442435.799949,8.830368,0.151117,9.092644
2442435.800296,8.830489,0.151117,9.096991
2442435.800643,8.830610,0.151117,9.101518
2442435.800991,8.830732,0.151117,9.106227
2442435.801338,8.830853,0.151117,9.111114
2442435.801685,8.830974,0.151117,9.116184
2442435.802032,8.831096,0.151117,9.121431
2442435.802379,8.831217,0.151117,9.126861
2442435.802727,8.831339,0.151117,9.132473
2442435.803074,8.831460,0.151117,9.138268
2442435.803421,8.831582,0.151117,9.144246
2442435.803768,8.831703,0.151117,9.150404
2442435.804116,8.831825,0.151117,9.156751
2442435.804463,8.831946,0.151117,9.163336
2442435.804810,8.832068,0.151117,9.170055
2442435.805157,8.832189,0.151117,9.176959
2442435.805504,8.832311,0.151117,9.184045
2442435.805852,8.832433,0.151117,9.191318
2442435.806199,8.832554,0.151117,9.198779
2442435.806546,8.832676,0.151117,9.206427
2442435.806893,8.832798,0.151117,9.214266
2442435.807241,8.832919,0.151117,9.222286
2442435.807588,8.833041,0.151117,9.230491
2442435.807935,8.833163,0.151117,9.238877
2442435.808282,8.833285,0.151117,9.247450
2442435.808629,8.833407,0.151117,9.256214
2442435.808977,8.833528,0.151117,9.265167
2442435.809324,8.833650,0.151117,9.274308
2442435.809671,8.833772,0.151117,9.283639
2442435.810018,8.833894,0.151117,9.293162
2442435.810366,8.834016,0.151117,9.302876
2442435.810713,8.834138,0.151117,9.312780
2442435.811060,8.834260,0.151117,9.322878
2442435.811407,8.834382,0.151117,9.333163
2442435.811754,8.834504,0.151117,9.343637
2442435.812102,8.834626,0.151117,9.354299
2442435.812449,8.834748,0.151117,9.365155
2442435.812796,8.834871,0.151117,9.376200
2442435.813143,8.834993,0.151117,9.387433
2442435.813491,8.835115,0.151117,9.398853
2442435.813838,8.835237,0.151117,9.410466
2442435.814185,8.835359,0.151117,9.422267
2442435.814532,8.835482,0.151117,9.434248
2442435.814879,8.835604,0.151117,9.446385
2442435.815227,8.835726,0.151117,9.458731
2442435.815574,8.835848,0.151117,9.471257
2442435.815921,8.835971,0.151117,9.484002
2442435.816268,8.836093,0.151117,9.496889
2442435.816616,8.836215,0.151117,9.509966
2442435.816963,8.836338,0.151117,9.523158
2442435.817310,8.836460,0.151117,9.536582
2442435.817657,8.836583,0.151117,9.550190
2442435.818004,8.836705,0.151117,9.563975
2442435.818352,8.836828,0.151117,9.577938
2442435.818699,8.836950,0.151117,9.592076
2442435.819046,8.837073,0.151117,9.606373
2442435.819393,8.837195,0.151117,9.620843
2442435.819741,8.837318,0.151117,9.635484
2442435.820088,8.837441,0.151117,9.650422
2442435.820435,8.837563,0.151117,9.665398
2442435.820782,8.837686,0.151117,9.680465
2442435.821129,8.837809,0.151117,9.695760
2442435.821477,8.837931,0.151117,9.711298
2442435.821824,8.838054,0.151117,9.726759
2442435.822171,8.838177,0.151117,9.742503
2442435.822518,8.838300,0.151117,9.758349
2442435.822866,8.838423,0.151117,9.774321
2442435.823213,8.838545,0.151117,9.790313
2442435.823560,8.838668,0.151117,9.806572
2442435.823907,8.838791,0.151117,9.822952
2442435.824254,8.838914,0.151117,9.839458
2442435.824602,8.839037,0.151117,9.856065
2442435.824949,8.839160,0.151117,9.872779
2442435.825296,8.839283,0.151117,9.889621
2442435.825643,8.839406,0.151117,9.906476
2442435.825991,8.839529,0.151117,9.923019
2442435.826338,8.839652,0.151117,9.939941
2442435.826685,8.839775,0.151117,9.956710
2442435.827032,8.839898,0.151117,9.973054
2442435.827379,8.840021,0.151117,9.989697
2442435.827727,8.840145,0.151117,10.005696
2442435.828074,8.840268,0.151117,10.021872
2442435.828421,8.840391,0.151117,10.038302
2442435.828768,8.840514,0.151117,10.054391
2442435.829116,8.840637,0.151117,10.070402
2442435.829463,8.840761,0.151117,10.086904
2442435.829810,8.840884,0.151117,10.102697
2442435.830157,8.841007,0.151117,10.118769
2442435.830504,8.841131,0.151117,10.134296
2442435.830852,8.841254,0.151117,10.149859
2442435.831199,8.841377,0.151117,10.165002
2442435.831546,8.841501,0.151117,10.180154
2442435.831893,8.841624,0.151117,10.194735
2442435.832241,8.841748,0.151117,10.209529
2442435.832588,8.841871,0.151117,10.223247
2442435.832935,8.841995,0.151117,10.237070
2442435.833282,8.842118,0.151117,10.249937
2442435.833629,8.842242,0.151117,10.262528
2442435.833977,8.842365,0.151117,10.275477
2442435.834324,8.842489,0.151117,10.287518
2442435.834671,8.842613,0.151117,10.299371
2442435.835018,8.842736,0.151117,10.310947
2442435.835366,8.842860,0.151117,10.321715
2442435.835713,8.842984,0.151117,10.331311
2442435.836060,8.843107,0.151117,10.341112
2442435.836407,8.843231,0.151117,10.350219
2442435.836754,8.843355,0.151117,10.359319
2442435.837102,8.843479,0.151117,10.368020
2442435.837449,8.843603,0.151117,10.376536
2442435.837796,8.843726,0.151117,10.383274
2442435.838143,8.843850,0.151117,10.389981
2442435.838491,8.843974,0.151117,10.394823
2442435.838838,8.844098,0.151117,10.400603
2442435.839185,8.844222,0.151117,10.405526
2442435.839532,8.844346,0.151117,10.409057
2442435.839879,8.844470,0.151117,10.413312
2442435.840227,8.844594,0.151117,10.417241
2442435.840574,8.844718,0.151117,10.419191
2442435.840921,8.844842,0.151117,10.424489
2442435.841268,8.844966,0.151117,10.430840
2442435.841616,8.845090,0.151117,10.432653
2442435.841963,8.845214,0.151117,10.438524
2442435.842310,8.845339,0.151117,10.438522
2442435.842657,8.845463,0.151117,10.444001
2442435.843004,8.845587,0.151117,10.443122
2442435.843352,8.845711,0.151117,10.441779
2442435.843699,8.845835,0.151117,10.438805
2442435.844046,8.845960,0.151117,10.437408
2442435.844393,8.846084,0.151117,10.438918
2442435.844741,8.846208,0.151117,10.435501
2442435.845088,8.846333,0.151117,10.431319
2442435.845435,8.846457,0.151117,10.431582
2442435.845782,8.846581,0.151117,10.424725
2442435.846129,8.846706,0.151117,10.421691
2442435.846477,8.846830,0.151117,10.414663
2442435.846824,8.846955,0.151117,10.406714
2442435.847171,8.847079,0.151117,10.396343
2442435.847518,8.847204,0.151117,10.387301
2442435.847866,8.847328,0.151117,10.376109
2442435.848213,8.847453,0.151117,10.369776
2442435.848560,8.847577,0.151117,10.361305
2442435.848907,8.847702,0.151117,10.350220
2442435.849254,8.847827,0.151117,10.337132
2442435.849602,8.847951,0.151117,10.326721
2442435.849949,8.848076,0.151117,10.317542
2442435.850296,8.848201,0.151117,10.304782
2442435.850643,8.848325,0.151117,10.293656
2442435.850991,8.848450,0.151117,10.279361
2442435.851338,8.848575,0.151117,10.266843
2442435.851685,8.848700,0.151117,10.252466
2442435.852032,8.848825,0.151117,10.240846
2442435.852379,8.848949,0.151117,10.229219
2442435.852727,8.849074,0.151117,10.217586
2442435.853074,8.849199,0.151117,10.203756
2442435.853421,8.849324,0.151117,10.188396
2442435.853768,8.849449,0.151117,10.175656
2442435.854116,8.849574,0.151117,10.161486
2442435.854463,8.849699,0.151117,10.143155
2442435.854810,8.849824,0.151117,10.131241
2442435.855157,8.849949,0.151117,10.118712
2442435.855504,8.850074,0.151117,10.103412
2442435.855852,8.850199,0.151117,10.087690
2442435.856199,8.850324,0.151117,10.074759
2442435.856546,8.850449,0.151117,10.062366
2442435.856893,8.850575,0.151117,10.050064
2442435.857241,8.850700,0.151117,10.036152
2442435.857588,8.850825,0.151117,10.021681
2442435.857935,8.850950,0.151117,10.006084
2442435.858282,8.851075,0.151117,9.993469
2442435.858629,8.851201,0.151117,9.977300
2442435.858977,8.851326,0.151117,9.964259
2442435.859324,8.851451,0.151117,9.951211
2442435.859671,8.851577,0.151117,9.932036
2442435.860018,8.851702,0.151117,9.919619
2442435.860366,8.851827,0.151117,9.906447
2442435.860713,8.851953,0.151117,9.892022
2442435.861060,8.852078,0.151117,9.878400
2442435.861407,8.852204,0.151117,9.865022
2442435.861754,8.852329,0.151117,9.852843
2442435.862102,8.852455,0.151117,9.841143
2442435.862449,8.852580,0.151117,9.826728
2442435.862796,8.852706,0.151117,9.814580
2442435.863143,8.852831,0.151117,9.800496
2442435.863491,8.852957,0.151117,9.788413
2442435.863838,8.853083,0.151117,9.775429
2442435.864185,8.853208,0.151117,9.763801
2442435.864532,8.853334,0.151117,9.750874
2442435.864879,8.853460,0.151117,9.739947
2442435.865227,8.853585,0.151117,9.729159
2442435.865574,8.853711,0.151117,9.716599
2442435.865921,8.853837,0.151117,9.705744
2442435.866268,8.853963,0.151117,9.694030
2442435.866616,8.854089,0.151117,9.682371
2442435.866963,8.854214,0.151117,9.671978
2442435.867310,8.854340,0.151117,9.661618
2442435.867657,8.854466,0.151117,9.651163
2442435.868004,8.854592,0.151117,9.641095
2442435.868352,8.854718,0.151117,9.630765
2442435.868699,8.854844,0.151117,9.620688
2442435.869046,8.854970,0.151117,9.610836
2442435.869393,8.855096,0.151117,9.600970
2442435.869741,8.855222,0.151117,9.591405
2442435.870088,8.855348,0.151117,9.581912
2442435.870435,8.855474,0.151117,9.572565
2442435.870782,8.855600,0.151117,9.563378
2442435.871129,8.855726,0.151117,9.554236
2442435.871477,8.855853,0.151117,9.545117
2442435.871824,8.855979,0.151117,9.536194
2442435.872171,8.856105,0.151117,9.527387
2442435.872518,8.856231,0.151117,9.518642
2442435.872866,8.856357,0.151117,9.510067
2442435.873213,8.856484,0.151117,9.501604
2442435.873560,8.856610,0.151117,9.492982
2442435.873907,8.856736,0.151117,9.484737
2442435.874254,8.856863,0.151117,9.476217
2442435.874602,8.856989,0.151117,9.468091
2442435.874949,8.857115,0.151117,9.460152
2442435.875296,8.857242,0.151117,9.452316
2442435.875643,8.857368,0.151117,9.444610
2442435.875991,8.857495,0.151117,9.437020
2442435.876338,8.857621,0.151117,9.429488
2442435.876685,8.857748,0.151117,9.422124
2442435.877032,8.857874,0.151117,9.414876
2442435.877379,8.858001,0.151117,9.407749
2442435.877727,8.858127,0.151117,9.400733
2442435.878074,8.858254,0.151117,9.393824
2442435.878421,8.858381,0.151117,9.387028
2442435.878768,8.858507,0.151117,9.380358
2442435.879116,8.858634,0.151117,9.373789
2442435.879463,8.858761,0.151117,9.367350
2442435.879810,8.858887,0.151117,9.361028
2442435.880157,8.859014,0.151117,9.354825
2442435.880504,8.859141,0.151117,9.348744
2442435.880852,8.859268,0.151117,9.342780
2442435.881199,8.859395,0.151117,9.336937
2442435.881546,8.859521,0.151117,9.331216
2442435.881893,8.859648,0.151117,9.325613
2442435.882241,8.859775,0.151117,9.320159
2442435.882588,8.859902,0.151117,9.314791
2442435.882935,8.860029,0.151117,9.309538
2442435.883282,8.860156,0.151117,9.304390
2442435.883629,8.860283,0.151117,9.299372
2442435.883977,8.860410,0.151117,9.294471
2442435.884324,8.860537,0.151117,9.289695
2442435.884671,8.860664,0.151117,9.285046
2442435.885018,8.860791,0.151117,9.280510
2442435.885366,8.860918,0.151117,9.276094
2442435.885713,8.861045,0.151117,9.271798
2442435.886060,8.861172,0.151117,9.267637
2442435.886407,8.861300,0.151117,9.263582
2442435.886754,8.861427,0.151117,9.259641
2442435.887102,8.861554,0.151117,9.255816
2442435.887449,8.861681,0.151117,9.252107
2442435.887796,8.861809,0.151117,9.248515
2442435.888143,8.861936,0.151117,9.245044
2442435.888491,8.862063,0.151117,9.241693
2442435.888838,8.862191,0.151117,9.238460
2442435.889185,8.862318,0.151117,9.235337
2442435.889532,8.862445,0.151117,9.232327
2442435.889879,8.862573,0.151117,9.229431
2442435.890227,8.862700,0.151117,9.226643
2442435.890574,8.862828,0.151117,9.223970
2442435.890921,8.862955,0.151117,9.221407
2442435.891268,8.863083,0.151117,9.218956
2442435.891616,8.863210,0.151117,9.216621
2442435.891963,8.863338,0.151117,9.214398
2442435.892310,8.863465,0.151117,9.212289
2442435.892657,8.863593,0.151117,9.210294
2442435.893004,8.863720,0.151117,9.208410
2442435.893352,8.863848,0.151117,9.206640
2442435.893699,8.863976,0.151117,9.204983
2442435.894046,8.864103,0.151117,9.203436
2442435.894393,8.864231,0.151117,9.201993
2442435.894741,8.864359,0.151117,9.200633
2442435.895088,8.864487,0.151117,9.199405
2442435.895435,8.864615,0.151117,9.198280
2442435.895782,8.864742,0.151117,9.197252
2442435.896129,8.864870,0.151117,9.196343
2442435.896477,8.864998,0.151117,9.195524
2442435.896824,8.865126,0.151117,9.194792
2442435.897171,8.865254,0.151117,9.194038
2442435.897518,8.865382,0.151117,9.193505
2442435.897866,8.865510,0.151117,9.193083
2442435.898213,8.865638,0.151117,9.192591
2442435.898560,8.865766,0.151117,9.192336
2442435.898907,8.865894,0.151117,9.192172
2442435.899254,8.866022,0.151117,9.192151
2442435.899602,8.866150,0.151117,9.192205
2442435.899949,8.866278,0.151117,9.192143
2442435.900296,8.866406,0.151117,9.192416
2442435.900643,8.866534,0.151117,9.192781
2442435.900991,8.866662,0.151117,9.193002
2442435.901338,8.866791,0.151117,9.193561
2442435.901685,8.866919,0.151117,9.194222
2442435.902032,8.867047,0.151117,9.194980
2442435.902379,8.867175,0.151117,9.195840
2442435.902727,8.867304,0.151117,9.196527
2442435.903074,8.867432,0.151117,9.197577
2442435.903421,8.867560,0.151117,9.198602
2442435.903768,8.867689,0.151117,9.199850
2442435.904116,8.867817,0.151117,9.201200
2442435.904463,8.867945,0.151117,9.202652
2442435.904810,8.868074,0.151117,9.204202
2442435.905157,8.868202,0.151117,9.205853
2442435.905504,8.868331,0.151117,9.207604
2442435.905852,8.868459,0.151117,9.209454
2442435.906199,8.868588,0.151117,9.211404
2442435.906546,8.868716,0.151117,9.213449
2442435.906893,8.868845,0.151117,9.215585
2442435.907241,8.868973,0.151117,9.217822
2442435.907588,8.869102,0.151117,9.220152
2442435.907935,8.869231,0.151117,9.222581
2442435.908282,8.869359,0.151117,9.225109
2442435.908629,8.869488,0.151117,9.227734
2442435.908977,8.869617,0.151117,9.230457
2442435.909324,8.869746,0.151117,9.233273
2442435.909671,8.869874,0.151117,9.236184
2442435.910018,8.870003,0.151117,9.239177
2442435.910366,8.870132,0.151117,9.242259
2442435.910713,8.870261,0.151117,9.245416
2442435.911060,8.870390,0.151117,9.248689
2442435.911407,8.870518,0.151117,9.252057
2442435.911754,8.870647,0.151117,9.255514
2442435.912102,8.870776,0.151117,9.259061
2442435.912449,8.870905,0.151117,9.262704
2442435.912796,8.871034,0.151117,9.266434
2442435.913143,8.871163,0.151117,9.270299
2442435.913491,8.871292,0.151117,9.274279
2442435.913838,8.871421,0.151117,9.278262
2442435.914185,8.871550,0.151117,9.282339
2442435.914532,8.871679,0.151117,9.286570
2442435.914879,8.871809,0.151117,9.290855
2442435.915227,8.871938,0.151117,9.295303
2442435.915574,8.872067,0.151117,9.299744
2442435.915921,8.872196,0.151117,9.304321
2442435.916268,8.872325,0.151117,9.308929
2442435.916616,8.872454,0.151117,9.313681
2442435.916963,8.872584,0.151117,9.318461
2442435.917310,8.872713,0.151117,9.323331
2442435.917657,8.872842,0.151117,9.328355
2442435.918004,8.872972,0.151117,9.333591
2442435.918352,8.873101,0.151117,9.338739
2442435.918699,8.873230,0.151117,9.343936
2442435.919046,8.873360,0.151117,9.349253
2442435.919393,8.873489,0.151117,9.354658
2442435.919741,8.873619,0.151117,9.360156
2442435.920088,8.873748,0.151117,9.365740
2442435.920435,8.873878,0.151117,9.371347
2442435.920782,8.874007,0.151117,9.377054
2442435.921129,8.874137,0.151117,9.382833
2442435.921477,8.874266,0.151117,9.388795
2442435.921824,8.874396,0.151117,9.394770
2442435.922171,8.874525,0.151117,9.400814
2442435.922518,8.874655,0.151117,9.406932
2442435.922866,8.874785,0.151117,9.413122
2442435.923213,8.874914,0.151117,9.419474
2442435.923560,8.875044,0.151117,9.425801
2442435.923907,8.875174,0.151117,9.432214
2442435.924254,8.875304,0.151117,9.438728
2442435.924602,8.875433,0.151117,9.445307
2442435.924949,8.875563,0.151117,9.451970
2442435.925296,8.875693,0.151117,9.458713
2442435.925643,8.875823,0.151117,9.465522
2442435.925991,8.875953,0.151117,9.472410
2442435.926338,8.876083,0.151117,9.479370
2442435.926685,8.876213,0.151117,9.486501
2442435.927032,8.876342,0.151117,9.493605
2442435.927379,8.876472,0.151117,9.500789
2442435.927727,8.876602,0.151117,9.508089
2442435.928074,8.876732,0.151117,9.515431
2442435.928421,8.876862,0.151117,9.522846
2442435.928768,8.876993,0.151117,9.530452
2442435.929116,8.877123,0.151117,9.538037
2442435.929463,8.877253,0.151117,9.545696
2442435.929810,8.877383,0.151117,9.553411
2442435.930157,8.877513,0.151117,9.561209
2442435.930504,8.877643,0.151117,9.568999
2442435.930852,8.877773,0.151117,9.576858
2442435.931199,8.877904,0.151117,9.584818
2442435.931546,8.878034,0.151117,9.592815
2442435.931893,8.878164,0.151117,9.600863
2442435.932241,8.878294,0.151117,9.608977
2442435.932588,8.878425,0.151118,9.617207
2442435.932935,8.878555,0.151118,9.625513
2442435.933282,8.878685,0.151118,9.633809
2442435.933629,8.878816,0.151118,9.642177
2442435.933977,8.878946,0.151118,9.650614
2442435.934324,8.879077,0.151118,9.659212
2442435.934671,8.879207,0.151118,9.667748
2442435.935018,8.879338,0.151118,9.676353
2442435.935366,8.879468,0.151118,9.685023
2442435.935713,8.879599,0.151118,9.693853
2442435.936060,8.879729,0.151118,9.702786
2442435.936407,8.879860,0.151118,9.711670
2442435.936754,8.879990,0.151118,9.720586
2442435.937102,8.880121,0.151118,9.729584
2442435.937449,8.880252,0.151118,9.738677
2442435.937796,8.880382,0.151118,9.747749
2442435.938143,8.880513,0.151118,9.757203
2442435.938491,8.880644,0.151118,9.766394
2442435.938838,8.880774,0.151118,9.775641
2442435.939185,8.880905,0.151118,9.785290
2442435.939532,8.881036,0.151118,9.794640
2442435.939879,8.881167,0.151118,9.804030
2442435.940227,8.881298,0.151118,9.813690
2442435.940574,8.881429,0.151118,9.823451
2442435.940921,8.881559,0.151118,9.833147
2442435.941268,8.881690,0.151118,9.842737
2442435.941616,8.881821,0.151118,9.852616
2442435.941963,8.881952,0.151118,9.862774
2442435.942310,8.882083,0.151118,9.872541
2442435.942657,8.882214,0.151118,9.882473
2442435.943004,8.882345,0.151118,9.892287
2442435.943352,8.882476,0.151118,9.902377
2442435.943699,8.882607,0.151118,9.912699
2442435.944046,8.882738,0.151118,9.922703
2442435.944393,8.882870,0.151118,9.932824
2442435.944741,8.883001,0.151118,9.943058
2442435.945088,8.883132,0.151118,9.953158
2442435.945435,8.883263,0.151118,9.963937
2442435.945782,8.883394,0.151118,9.975559
2442435.946129,8.883526,0.151118,9.985666
2442435.946477,8.883657,0.151118,9.995803
2442435.946824,8.883788,0.151118,10.007144
2442435.947171,8.883919,0.151118,10.017275
2442435.947518,8.884051,0.151118,10.027762
2442435.947866,8.884182,0.151118,10.040467
2442435.948213,8.884313,0.151118,10.052419
2442435.948560,8.884445,0.151118,10.062291
2442435.948907,8.884576,0.151118,10.072776
2442435.949254,8.884708,0.151118,10.084680
2442435.949602,8.884839,0.151118,10.097159
2442435.949949,8.884971,0.151118,10.108706
2442435.950296,8.885102,0.151118,10.121321
2442435.950643,8.885234,0.151118,10.134076
2442435.950991,8.885365,0.151118,10.145368
2442435.951338,8.885497,0.151118,10.155442
2442435.951685,8.885629,0.151118,10.165578
2442435.952032,8.885760,0.151118,10.176507
2442435.952379,8.885892,0.151118,10.192809
2442435.952727,8.886023,0.151118,10.209375
2442435.953074,8.886155,0.151118,10.219105
2442435.953421,8.886287,0.151118,10.231041
2442435.953768,8.886419,0.151118,10.244545
2442435.954116,8.886550,0.151118,10.256124
2442435.954463,8.886682,0.151118,10.271637
2442435.954810,8.886814,0.151118,10.290405
2442435.955157,8.886946,0.151118,10.300457
2442435.955504,8.887078,0.151118,10.307816
2442435.955852,8.887210,0.151118,10.315740
2442435.956199,8.887342,0.151118,10.322547
2442435.956546,8.887474,0.151118,10.341591
2442435.956893,8.887606,0.151118,10.345510
2442435.957241,8.887738,0.151118,10.349248
2442435.957588,8.887870,0.151118,10.353276
2442435.957935,8.888002,0.151118,10.361611
2442435.958282,8.888134,0.151118,10.367933
2442435.958629,8.888266,0.151118,10.367562
2442435.958977,8.888398,0.151118,10.370347
2442435.959324,8.888530,0.151118,10.366464
2442435.959671,8.888662,0.151118,10.371803
2442435.960018,8.888794,0.151118,10.369849
2442435.960366,8.888926,0.151118,10.368872
2442435.960713,8.889059,0.151118,10.367364
2442435.961060,8.889191,0.151118,10.363571
2442435.961407,8.889323,0.151118,10.359887
2442435.961754,8.889455,0.151118,10.356659
2442435.962102,8.889588,0.151118,10.348392
2442435.962449,8.889720,0.151118,10.341246
2442435.962796,8.889853,0.151118,10.331994
2442435.963143,8.889985,0.151118,10.324186
2442435.963491,8.890117,0.151118,10.317085
2442435.963838,8.890250,0.151118,10.307100
2442435.964185,8.890382,0.151118,10.301863
2442435.964532,8.890515,0.151118,10.283407
2442435.964879,8.890647,0.151118,10.272955
2442435.965227,8.890780,0.151118,10.259850
2442435.965574,8.890912,0.151118,10.249443
2442435.965921,8.891045,0.151118,10.241832
2442435.966268,8.891177,0.151118,10.232581
2442435.966616,8.891310,0.151118,10.223155
2442435.966963,8.891443,0.151118,10.213416
2442435.967310,8.891575,0.151118,10.204243
2442435.967657,8.891708,0.151118,10.191645
2442435.968004,8.891841,0.151118,10.180234
2442435.968352,8.891974,0.151118,10.169715
2442435.968699,8.892106,0.151118,10.159412
2442435.969046,8.892239,0.151118,10.148511
2442435.969393,8.892372,0.151118,10.134992
2442435.969741,8.892505,0.151118,10.122357
2442435.970088,8.892638,0.151118,10.110589
2442435.970435,8.892770,0.151118,10.097213
2442435.970782,8.892903,0.151118,10.085229
2442435.971129,8.893036,0.151118,10.073005
2442435.971477,8.893169,0.151118,10.060475
2442435.971824,8.893302,0.151118,10.047092
2442435.972171,8.893435,0.151118,10.034262
2442435.972518,8.893568,0.151118,10.021328
2442435.972866,8.893701,0.151118,10.008248
2442435.973213,8.893834,0.151118,9.995052
2442435.973560,8.893967,0.151118,9.981035
2442435.973907,8.894101,0.151118,9.967626
2442435.974254,8.894234,0.151118,9.954006
2442435.974602,8.894367,0.151118,9.940370
2442435.974949,8.894500,0.151118,9.926511
2442435.975296,8.894633,0.151118,9.912646
2442435.975643,8.894767,0.151118,9.898357
2442435.975991,8.894900,0.151118,9.884565
2442435.976338,8.895033,0.151118,9.870542
2442435.976685,8.895166,0.151118,9.856484
2442435.977032,8.895300,0.151118,9.842476
2442435.977379,8.895433,0.151118,9.828299
2442435.977727,8.895566,0.151118,9.814228
2442435.978074,8.895700,0.151118,9.800152
2442435.978421,8.895833,0.151118,9.786033
2442435.978768,8.895967,0.151118,9.772004
2442435.979116,8.896100,0.151118,9.757904
2442435.979463,8.896234,0.151118,9.743952
2442435.979810,8.896367,0.151118,9.730082
2442435.980157,8.896501,0.151118,9.716653
2442435.980504,8.896634,0.151118,9.702847
2442435.980852,8.896768,0.151118,9.689116
2442435.981199,8.896901,0.151118,9.675425
2442435.981546,8.897035,0.151118,9.661816
2442435.981893,8.897169,0.151118,9.648512
2442435.982241,8.897302,0.151118,9.635226
2442435.982588,8.897436,0.151118,9.622033
