JD_lt,I_rel,mag_rel,rot_phase_deg,rh_AU,delta_AU,phase_angle_deg,sun_x,sun_y,sun_z,earth_x,earth_y,earth_z
2442435.715258,9.6658430e-01,-0.01893,248.901,1.13332970,0.15111831,8.8015,0.59524653,-0.96436497,-0.01086151,0.06040078,-0.13810062,-0.01080320
2442435.719008,8.9957970e-01,0.05907,255.049,1.13332941,0.15111823,8.8028,0.59530245,-0.96433026,-0.01084893,0.06040148,-0.13810121,-0.01079062
2442435.721967,8.4574560e-01,0.12607,259.900,1.13332919,0.15111818,8.8037,0.59534657,-0.96430287,-0.01083901,0.06040204,-0.13810168,-0.01078070
2442435.724550,7.7275120e-01,0.22407,264.134,1.13332899,0.15111813,8.8046,0.59538508,-0.96427896,-0.01083034,0.06040252,-0.13810209,-0.01077204
2442435.727175,7.1653860e-01,0.30607,268.437,1.13332879,0.15111808,8.8055,0.59542422,-0.96425466,-0.01082154,0.06040302,-0.13810251,-0.01076324
2442435.728300,6.9317000e-01,0.34207,270.282,1.13332870,0.15111806,8.8059,0.59544099,-0.96424424,-0.01081777,0.06040323,-0.13810269,-0.01075946
2442435.729217,6.7179950e-01,0.37607,271.785,1.13332863,0.15111805,8.8062,0.59545466,-0.96423575,-0.01081469,0.06040340,-0.13810284,-0.01075639
2442435.730342,6.5228860e-01,0.40807,273.629,1.13332856,0.15111803,8.8065,0.59547144,-0.96422534,-0.01081092,0.06040362,-0.13810302,-0.01075261
2442435.731633,6.3451160e-01,0.43807,275.746,1.13332845,0.15111800,8.8070,0.59549068,-0.96421338,-0.01080659,0.06040386,-0.13810322,-0.01074829
2442435.731633,6.1268840e-01,0.47607,275.746,1.13332845,0.15111800,8.8070,0.59549068,-0.96421338,-0.01080659,0.06040386,-0.13810322,-0.01074829
2442435.731842,6.0539620e-01,0.48907,276.089,1.13332844,0.15111800,8.8070,0.59549380,-0.96421145,-0.01080588,0.06040390,-0.13810325,-0.01074758
2442435.733133,6.0095180e-01,0.49707,278.205,1.13332835,0.15111798,8.8075,0.59551305,-0.96419950,-0.01080155,0.06040414,-0.13810346,-0.01074326
2442435.734967,5.9599090e-01,0.50607,281.212,1.13332821,0.15111795,8.8081,0.59554039,-0.96418252,-0.01079540,0.06040449,-0.13810375,-0.01073711
2442435.734967,6.0372580e-01,0.49207,281.212,1.13332821,0.15111795,8.8081,0.59554039,-0.96418252,-0.01079540,0.06040449,-0.13810375,-0.01073711
2442435.736300,6.0372580e-01,0.49207,283.397,1.13332810,0.15111793,8.8085,0.59556026,-0.96417017,-0.01079093,0.06040474,-0.13810397,-0.01073263
2442435.737967,6.1156080e-01,0.47807,286.130,1.13332798,0.15111789,8.8091,0.59558511,-0.96415474,-0.01078534,0.06040505,-0.13810423,-0.01072704
2442435.739258,6.2580590e-01,0.45307,288.246,1.13332788,0.15111788,8.8095,0.59560436,-0.96414278,-0.01078101,0.06040530,-0.13810444,-0.01072272
2442435.739842,6.4333880e-01,0.42307,289.204,1.13332784,0.15111787,8.8097,0.59561307,-0.96413737,-0.01077905,0.06040541,-0.13810453,-0.01072076
2442435.740008,6.4333880e-01,0.42307,289.476,1.13332783,0.15111787,8.8098,0.59561554,-0.96413584,-0.01077849,0.06040544,-0.13810456,-0.01072020
2442435.741675,6.6075360e-01,0.39407,292.209,1.13332770,0.15111784,8.8104,0.59564039,-0.96412040,-0.01077290,0.06040576,-0.13810483,-0.01071461
2442435.742050,6.8114520e-01,0.36107,292.823,1.13332767,0.15111784,8.8105,0.59564598,-0.96411693,-0.01077164,0.06040583,-0.13810489,-0.01071335
2442435.743717,7.0410870e-01,0.32507,295.556,1.13332755,0.15111780,8.8110,0.59567083,-0.96410149,-0.01076605,0.06040614,-0.13810515,-0.01070776
2442435.743925,7.2650690e-01,0.29107,295.897,1.13332753,0.15111781,8.8111,0.59567394,-0.96409956,-0.01076536,0.06040618,-0.13810519,-0.01070706
2442435.744842,7.5030810e-01,0.25607,297.401,1.13332747,0.15111778,8.8114,0.59568761,-0.96409107,-0.01076228,0.06040635,-0.13810533,-0.01070399
2442435.747467,8.1590510e-01,0.16507,301.704,1.13332727,0.15111774,8.8123,0.59572674,-0.96406676,-0.01075347,0.06040685,-0.13810575,-0.01069519
2442435.750050,8.7748490e-01,0.08607,305.939,1.13332707,0.15111771,8.8132,0.59576524,-0.96404283,-0.01074481,0.06040734,-0.13810617,-0.01068652
2442435.753217,9.3851170e-01,0.01307,311.130,1.13332684,0.15111767,8.8143,0.59581245,-0.96401350,-0.01073419,0.06040794,-0.13810668,-0.01067590
2442435.755092,9.9092260e-01,-0.04593,314.204,1.13332670,0.15111764,8.8149,0.59584040,-0.96399613,-0.01072790,0.06040830,-0.13810698,-0.01066962
2442435.758050,1.0452970e+00,-0.10393,319.054,1.13332648,0.15111760,8.8159,0.59588449,-0.96396873,-0.01071798,0.06040886,-0.13810746,-0.01065970
2442435.760675,1.0945600e+00,-0.15393,323.357,1.13332629,0.15111757,8.8168,0.59592362,-0.96394441,-0.01070917,0.06040936,-0.13810788,-0.01065089
2442435.762717,1.1440360e+00,-0.20193,326.705,1.13332614,0.15111754,8.8175,0.59595406,-0.96392549,-0.01070232,0.06040974,-0.13810821,-0.01064405
2442435.764758,1.1913510e+00,-0.24593,330.051,1.13332599,0.15111751,8.8182,0.59598448,-0.96390658,-0.01069548,0.06041013,-0.13810854,-0.01063720
2442435.767717,1.2315150e+00,-0.28193,334.902,1.13332576,0.15111748,8.8192,0.59602858,-0.96387916,-0.01068555,0.06041069,-0.13810902,-0.01062728
2442435.769383,1.2789090e+00,-0.32293,337.633,1.13332565,0.15111746,8.8198,0.59605341,-0.96386373,-0.01067996,0.06041101,-0.13810929,-0.01062169
2442435.772383,1.3123200e+00,-0.35093,342.551,1.13332543,0.15111742,8.8208,0.59609813,-0.96383593,-0.01066990,0.06041158,-0.13810977,-0.01061163
2442435.773675,1.3428880e+00,-0.37593,344.669,1.13332532,0.15111741,8.8213,0.59611738,-0.96382395,-0.01066557,0.06041183,-0.13810998,-0.01060730
2442435.778508,1.4061760e+00,-0.42593,352.592,1.13332497,0.15111735,8.8229,0.59618941,-0.96377916,-0.01064935,0.06041275,-0.13811076,-0.01059109
2442435.779258,1.4270520e+00,-0.44193,353.822,1.13332492,0.15111735,8.8232,0.59620059,-0.96377221,-0.01064684,0.06041289,-0.13811089,-0.01058857
2442435.780758,1.4482370e+00,-0.45793,356.281,1.13332481,0.15111733,8.8237,0.59622294,-0.96375831,-0.01064181,0.06041318,-0.13811113,-0.01058354
2442435.782800,1.4562620e+00,-0.46393,359.629,1.13332466,0.15111731,8.8244,0.59625337,-0.96373938,-0.01063496,0.06041357,-0.13811146,-0.01057670
2442435.783342,1.4697370e+00,-0.47393,0.517,1.13332462,0.15111730,8.8246,0.59626145,-0.96373436,-0.01063314,0.06041367,-0.13811155,-0.01057488
2442435.784633,1.4819710e+00,-0.48293,2.634,1.13332452,0.15111729,8.8250,0.59628069,-0.96372239,-0.01062881,0.06041392,-0.13811176,-0.01057055
2442435.786133,1.4901830e+00,-0.48893,5.093,1.13332442,0.15111728,8.8256,0.59630305,-0.96370849,-0.01062378,0.06041421,-0.13811200,-0.01056552
2442435.788758,1.4943060e+00,-0.49193,9.396,1.13332423,0.15111726,8.8265,0.59634216,-0.96368416,-0.01061497,0.06041471,-0.13811243,-0.01055672
2442435.790800,1.4984410e+00,-0.49493,12.744,1.13332408,0.15111723,8.8272,0.59637259,-0.96366523,-0.01060812,0.06041510,-0.13811276,-0.01054987
2442435.793592,1.4970610e+00,-0.49393,17.321,1.13332388,0.15111721,8.8282,0.59641420,-0.96363934,-0.01059876,0.06041563,-0.13811322,-0.01054050
2442435.795425,1.4888110e+00,-0.48793,20.326,1.13332375,0.15111720,8.8288,0.59644151,-0.96362235,-0.01059261,0.06041598,-0.13811352,-0.01053436
2442435.796925,1.4806070e+00,-0.48193,22.785,1.13332364,0.15111718,8.8293,0.59646387,-0.96360844,-0.01058758,0.06041627,-0.13811376,-0.01052933
2442435.798217,1.4643320e+00,-0.46993,24.903,1.13332354,0.15111718,8.8298,0.59648312,-0.96359646,-0.01058324,0.06041652,-0.13811398,-0.01052499
2442435.799550,1.4522440e+00,-0.46093,27.088,1.13332345,0.15111716,8.8302,0.59650298,-0.96358410,-0.01057877,0.06041677,-0.13811419,-0.01052052
2442435.800258,1.4402560e+00,-0.45193,28.249,1.13332340,0.15111716,8.8305,0.59651353,-0.96357754,-0.01057640,0.06041691,-0.13811431,-0.01051815
2442435.801592,1.4218040e+00,-0.43793,30.436,1.13332330,0.15111715,8.8309,0.59653341,-0.96356517,-0.01057192,0.06041716,-0.13811453,-0.01051368
2442435.802675,1.4035880e+00,-0.42393,32.211,1.13332322,0.15111714,8.8313,0.59654954,-0.96355513,-0.01056829,0.06041737,-0.13811470,-0.01051004
2442435.804550,1.3703760e+00,-0.39793,35.285,1.13332309,0.15111713,8.8320,0.59657748,-0.96353774,-0.01056200,0.06041773,-0.13811501,-0.01050376
2442435.806967,1.3391820e+00,-0.37293,39.248,1.13332292,0.15111712,8.8328,0.59661350,-0.96351533,-0.01055389,0.06041820,-0.13811541,-0.01049565
2442435.809217,1.2931220e+00,-0.33493,42.936,1.13332275,0.15111711,8.8336,0.59664702,-0.96349446,-0.01054635,0.06041863,-0.13811578,-0.01048810
2442435.811050,1.2648520e+00,-0.31093,45.941,1.13332262,0.15111709,8.8343,0.59667433,-0.96347746,-0.01054020,0.06041898,-0.13811608,-0.01048196
2442435.812550,1.2179790e+00,-0.26993,48.400,1.13332252,0.15111709,8.8348,0.59669668,-0.96346355,-0.01053517,0.06041927,-0.13811633,-0.01047693
2442435.814050,1.1717630e+00,-0.22793,50.859,1.13332241,0.15111708,8.8353,0.59671903,-0.96344964,-0.01053013,0.06041956,-0.13811657,-0.01047190
2442435.816467,1.1190250e+00,-0.17793,54.822,1.13332224,0.15111706,8.8362,0.59675504,-0.96342722,-0.01052203,0.06042002,-0.13811697,-0.01046379
2442435.818300,1.0666940e+00,-0.12593,57.827,1.13332211,0.15111706,8.8368,0.59678235,-0.96341022,-0.01051588,0.06042038,-0.13811727,-0.01045764
2442435.820175,1.0102750e+00,-0.06693,60.901,1.13332198,0.15111705,8.8375,0.59681028,-0.96339283,-0.01050959,0.06042074,-0.13811758,-0.01045135
2442435.822592,9.5420040e-01,-0.00493,64.863,1.13332181,0.15111704,8.8383,0.59684629,-0.96337041,-0.01050148,0.06042120,-0.13811798,-0.01044325
2442435.824633,9.0123850e-01,0.05707,68.209,1.13332166,0.15111704,8.8390,0.59687670,-0.96335147,-0.01049463,0.06042160,-0.13811832,-0.01043640
2442435.826883,8.5988350e-01,0.10807,71.898,1.13332151,0.15111703,8.8398,0.59691022,-0.96333060,-0.01048709,0.06042203,-0.13811869,-0.01042886
2442435.828383,8.0619410e-01,0.17807,74.357,1.13332139,0.15111702,8.8404,0.59693256,-0.96331668,-0.01048206,0.06042232,-0.13811894,-0.01042383
2442435.830967,7.5377160e-01,0.25107,78.593,1.13332122,0.15111701,8.8413,0.59697106,-0.96329271,-0.01047339,0.06042282,-0.13811936,-0.01041516
2442435.831717,7.1258990e-01,0.31207,79.823,1.13332116,0.15111701,8.8416,0.59698223,-0.96328575,-0.01047087,0.06042296,-0.13811949,-0.01041265
2442435.833217,7.1653860e-01,0.30607,82.282,1.13332106,0.15111701,8.8421,0.59700458,-0.96327183,-0.01046584,0.06042325,-0.13811974,-0.01040762
2442435.835050,6.8051790e-01,0.36207,85.287,1.13332093,0.15111700,8.8427,0.59703188,-0.96325482,-0.01045969,0.06042361,-0.13812004,-0.01040147
2442435.835425,6.6564020e-01,0.38607,85.901,1.13332090,0.15111700,8.8429,0.59703747,-0.96325134,-0.01045843,0.06042368,-0.13812010,-0.01040021
2442435.836175,6.5590300e-01,0.40207,87.131,1.13332085,0.15111700,8.8432,0.59704864,-0.96324438,-0.01045592,0.06042382,-0.13812023,-0.01039770
2442435.837300,6.3276110e-01,0.44107,88.975,1.13332077,0.15111699,8.8435,0.59706540,-0.96323394,-0.01045214,0.06042404,-0.13812041,-0.01039392
2442435.838592,6.2293060e-01,0.45807,91.093,1.13332068,0.15111700,8.8440,0.59708465,-0.96322195,-0.01044781,0.06042429,-0.13812063,-0.01038959
2442435.841592,6.1494960e-01,0.47207,96.011,1.13332047,0.15111699,8.8451,0.59712933,-0.96319411,-0.01043775,0.06042487,-0.13812112,-0.01037953
2442435.843425,6.1551650e-01,0.47107,99.016,1.13332034,0.15111699,8.8457,0.59715664,-0.96317710,-0.01043160,0.06042523,-0.13812143,-0.01037338
2442435.845092,6.2811590e-01,0.44907,101.749,1.13332023,0.15111699,8.8463,0.59718147,-0.96316163,-0.01042601,0.06042555,-0.13812171,-0.01036779
2442435.847342,6.4630810e-01,0.41807,105.438,1.13332007,0.15111699,8.8471,0.59721498,-0.96314075,-0.01041846,0.06042599,-0.13812208,-0.01036024
2442435.847883,6.5469610e-01,0.40407,106.325,1.13332003,0.15111699,8.8473,0.59722304,-0.96313573,-0.01041664,0.06042609,-0.13812217,-0.01035843
2442435.848467,6.7241860e-01,0.37507,107.282,1.13331999,0.15111699,8.8475,0.59723174,-0.96313031,-0.01041468,0.06042620,-0.13812227,-0.01035647
2442435.849383,6.8744760e-01,0.35107,108.784,1.13331993,0.15111699,8.8479,0.59724538,-0.96312181,-0.01041161,0.06042638,-0.13812242,-0.01035340
2442435.851258,7.0475760e-01,0.32407,111.858,1.13331980,0.15111698,8.8485,0.59727331,-0.96310440,-0.01040532,0.06042674,-0.13812273,-0.01034711
2442435.854425,7.6144690e-01,0.24007,117.050,1.13331958,0.15111699,8.8497,0.59732048,-0.96307500,-0.01039470,0.06042736,-0.13812326,-0.01033649
2442435.855342,8.2421340e-01,0.15407,118.553,1.13331952,0.15111699,8.8500,0.59733414,-0.96306649,-0.01039162,0.06042754,-0.13812341,-0.01033341
2442435.857383,8.8478910e-01,0.07707,121.899,1.13331937,0.15111699,8.8508,0.59736454,-0.96304754,-0.01038478,0.06042793,-0.13812376,-0.01032657
2442435.857758,8.8072350e-01,0.08207,122.514,1.13331935,0.15111699,8.8509,0.59737012,-0.96304406,-0.01038352,0.06042801,-0.13812382,-0.01032531
2442435.859967,9.2563480e-01,0.02807,126.135,1.13331920,0.15111700,8.8517,0.59740302,-0.96302356,-0.01037611,0.06042844,-0.13812419,-0.01031790
2442435.860550,9.3419970e-01,0.01807,127.091,1.13331915,0.15111699,8.8519,0.59741170,-0.96301814,-0.01037415,0.06042855,-0.13812428,-0.01031595
2442435.862758,9.8093390e-01,-0.03493,130.711,1.13331900,0.15111700,8.8527,0.59744459,-0.96299764,-0.01036675,0.06042898,-0.13812465,-0.01030854
2442435.864842,1.0395360e+00,-0.09793,134.127,1.13331886,0.15111700,8.8534,0.59747563,-0.96297829,-0.01035975,0.06042938,-0.13812500,-0.01030155
2442435.867425,1.0825290e+00,-0.14193,138.362,1.13331868,0.15111702,8.8544,0.59751409,-0.96295431,-0.01035109,0.06042989,-0.13812544,-0.01029289
2442435.870383,1.1221210e+00,-0.18093,143.211,1.13331848,0.15111702,8.8555,0.59755814,-0.96292684,-0.01034117,0.06043046,-0.13812593,-0.01028297
2442435.872633,1.1685300e+00,-0.22493,146.900,1.13331833,0.15111703,8.8563,0.59759165,-0.96290595,-0.01033362,0.06043090,-0.13812631,-0.01027543
2442435.874300,1.2034820e+00,-0.25693,149.633,1.13331822,0.15111703,8.8569,0.59761648,-0.96289047,-0.01032803,0.06043123,-0.13812659,-0.01026983
2442435.875967,1.2440550e+00,-0.29293,152.365,1.13331810,0.15111704,8.8575,0.59764130,-0.96287499,-0.01032244,0.06043155,-0.13812687,-0.01026424
2442435.878217,1.2789090e+00,-0.32293,156.054,1.13331795,0.15111705,8.8583,0.59767481,-0.96285409,-0.01031489,0.06043199,-0.13812725,-0.01025670
2442435.880633,1.3111120e+00,-0.34993,160.015,1.13331778,0.15111706,8.8592,0.59771078,-0.96283165,-0.01030678,0.06043246,-0.13812766,-0.01024859
2442435.882675,1.3404160e+00,-0.37393,163.363,1.13331765,0.15111707,8.8599,0.59774119,-0.96281269,-0.01029993,0.06043286,-0.13812800,-0.01024175
2442435.885300,1.3665950e+00,-0.39493,167.666,1.13331747,0.15111708,8.8609,0.59778028,-0.96278830,-0.01029113,0.06043338,-0.13812844,-0.01023294
2442435.886592,1.3792390e+00,-0.40493,169.784,1.13331738,0.15111709,8.8614,0.59779952,-0.96277630,-0.01028679,0.06043363,-0.13812866,-0.01022861
2442435.888633,1.3868820e+00,-0.41093,173.130,1.13331724,0.15111711,8.8621,0.59782991,-0.96275734,-0.01027995,0.06043403,-0.13812901,-0.01022176
2442435.889175,1.3932840e+00,-0.41593,174.019,1.13331721,0.15111711,8.8623,0.59783798,-0.96275231,-0.01027813,0.06043413,-0.13812910,-0.01021995
2442435.891050,1.3984270e+00,-0.41993,177.092,1.13331708,0.15111711,8.8630,0.59786590,-0.96273489,-0.01027184,0.06043450,-0.13812941,-0.01021366
2442435.893092,1.4100670e+00,-0.42893,180.440,1.13331695,0.15111713,8.8638,0.59789630,-0.96271592,-0.01026499,0.06043490,-0.13812976,-0.01020681
2442435.895508,1.4100670e+00,-0.42893,184.401,1.13331678,0.15111714,8.8646,0.59793227,-0.96269347,-0.01025688,0.06043537,-0.13813017,-0.01019871
2442435.897383,1.4100670e+00,-0.42893,187.475,1.13331666,0.15111716,8.8653,0.59796019,-0.96267605,-0.01025059,0.06043574,-0.13813049,-0.01019242
2442435.899425,1.4074720e+00,-0.42693,190.822,1.13331652,0.15111717,8.8661,0.59799059,-0.96265708,-0.01024374,0.06043614,-0.13813083,-0.01018557
2442435.901092,1.4022960e+00,-0.42293,193.555,1.13331641,0.15111719,8.8667,0.59801541,-0.96264159,-0.01023815,0.06043647,-0.13813112,-0.01017998
2442435.902217,1.3997150e+00,-0.42093,195.399,1.13331633,0.15111720,8.8671,0.59803216,-0.96263113,-0.01023438,0.06043669,-0.13813131,-0.01017621
2442435.904258,1.3958530e+00,-0.41793,198.745,1.13331620,0.15111721,8.8679,0.59806255,-0.96261217,-0.01022753,0.06043709,-0.13813165,-0.01016936
2442435.906133,1.3856060e+00,-0.40993,201.819,1.13331607,0.15111723,8.8686,0.59809046,-0.96259474,-0.01022124,0.06043746,-0.13813197,-0.01016307
2442435.907050,1.3678540e+00,-0.39593,203.323,1.13331601,0.15111724,8.8689,0.59810412,-0.96258622,-0.01021817,0.06043764,-0.13813213,-0.01016000
2442435.909467,1.3354870e+00,-0.36993,207.285,1.13331585,0.15111725,8.8698,0.59814010,-0.96256376,-0.01021006,0.06043811,-0.13813254,-0.01015189
2442435.912258,1.2931220e+00,-0.33493,211.861,1.13331566,0.15111728,8.8708,0.59818165,-0.96253782,-0.01020070,0.06043866,-0.13813301,-0.01014253
2442435.914675,1.2706900e+00,-0.31593,215.823,1.13331551,0.15111731,8.8717,0.59821763,-0.96251536,-0.01019259,0.06043914,-0.13813343,-0.01013442
2442435.916550,1.2360600e+00,-0.28593,218.897,1.13331538,0.15111733,8.8724,0.59824554,-0.96249793,-0.01018630,0.06043951,-0.13813375,-0.01012814
2442435.918592,1.1847850e+00,-0.23993,222.244,1.13331525,0.15111734,8.8732,0.59827594,-0.96247895,-0.01017945,0.06043991,-0.13813409,-0.01012129
2442435.919342,1.1847850e+00,-0.23993,223.474,1.13331520,0.15111735,8.8735,0.59828711,-0.96247198,-0.01017693,0.06044006,-0.13813422,-0.01011877
2442435.920633,1.1556860e+00,-0.21293,225.590,1.13331512,0.15111736,8.8740,0.59830633,-0.96245998,-0.01017260,0.06044031,-0.13813444,-0.01011444
2442435.921175,1.1535590e+00,-0.21093,226.479,1.13331508,0.15111737,8.8742,0.59831439,-0.96245494,-0.01017078,0.06044042,-0.13813454,-0.01011262
2442435.921925,1.1097870e+00,-0.16893,227.709,1.13331503,0.15111738,8.8744,0.59832556,-0.96244797,-0.01016827,0.06044057,-0.13813466,-0.01011011
2442435.923217,1.1149090e+00,-0.17393,229.827,1.13331495,0.15111739,8.8749,0.59834479,-0.96243596,-0.01016393,0.06044082,-0.13813488,-0.01010578
2442435.924175,1.0775550e+00,-0.13693,231.397,1.13331488,0.15111740,8.8753,0.59835905,-0.96242705,-0.01016072,0.06044101,-0.13813505,-0.01010256
2442435.924175,1.0745820e+00,-0.13393,231.397,1.13331488,0.15111740,8.8753,0.59835905,-0.96242705,-0.01016072,0.06044101,-0.13813505,-0.01010256
2442435.926758,1.0121380e+00,-0.06893,235.632,1.13331472,0.15111743,8.8762,0.59839750,-0.96240304,-0.01015205,0.06044152,-0.13813549,-0.01009390
2442435.929008,9.8003080e-01,-0.03393,239.320,1.13331457,0.15111746,8.8771,0.59843099,-0.96238212,-0.01014451,0.06044197,-0.13813588,-0.01008635
2442435.931800,9.1630430e-01,0.03907,243.898,1.13331438,0.15111749,8.8781,0.59847255,-0.96235616,-0.01013514,0.06044252,-0.13813635,-0.01007699
2442435.933467,8.6944010e-01,0.09607,246.630,1.13331427,0.15111751,8.8788,0.59849736,-0.96234066,-0.01012955,0.06044285,-0.13813664,-0.01007140
2442435.936800,8.1740950e-01,0.16307,252.094,1.13331406,0.15111755,8.8800,0.59854697,-0.96230967,-0.01011837,0.06044351,-0.13813721,-0.01006022
2442435.938675,7.6637220e-01,0.23307,255.168,1.13331394,0.15111758,8.8807,0.59857488,-0.96229223,-0.01011208,0.06044388,-0.13813754,-0.01005393
2442435.941633,7.1127860e-01,0.31407,260.018,1.13331374,0.15111761,8.8818,0.59861891,-0.96226472,-0.01010215,0.06044446,-0.13813804,-0.01004401
2442435.943508,6.5469610e-01,0.40407,263.091,1.13331362,0.15111765,8.8825,0.59864681,-0.96224728,-0.01009586,0.06044484,-0.13813837,-0.01003772
2442435.945008,6.3920430e-01,0.43007,265.551,1.13331352,0.15111767,8.8831,0.59866914,-0.96223333,-0.01009083,0.06044513,-0.13813863,-0.01003269
2442435.945383,6.2121180e-01,0.46107,266.165,1.13331351,0.15111767,8.8832,0.59867472,-0.96222985,-0.01008957,0.06044521,-0.13813869,-0.01003143
2442435.946467,6.0707120e-01,0.48607,267.942,1.13331343,0.15111769,8.8837,0.59869085,-0.96221976,-0.01008594,0.06044542,-0.13813888,-0.01002780
2442435.948175,5.8998330e-01,0.51707,270.743,1.13331332,0.15111771,8.8843,0.59871627,-0.96220388,-0.01008021,0.06044576,-0.13813917,-0.01002207
2442435.950383,5.8889760e-01,0.51907,274.362,1.13331318,0.15111774,8.8851,0.59874913,-0.96218334,-0.01007280,0.06044620,-0.13813955,-0.01001466
2442435.951133,5.9325250e-01,0.51107,275.592,1.13331313,0.15111775,8.8854,0.59876029,-0.96217636,-0.01007028,0.06044635,-0.13813968,-0.01001215
2442435.951508,6.0987340e-01,0.48107,276.207,1.13331311,0.15111776,8.8856,0.59876588,-0.96217287,-0.01006903,0.06044642,-0.13813975,-0.01001089
2442435.952800,6.1099780e-01,0.47907,278.325,1.13331303,0.15111778,8.8861,0.59878510,-0.96216086,-0.01006469,0.06044668,-0.13813997,-0.01000656
2442435.953383,6.1835740e-01,0.46607,279.280,1.13331298,0.15111779,8.8863,0.59879378,-0.96215543,-0.01006274,0.06044679,-0.13814007,-0.01000460
2442435.954300,6.4511870e-01,0.42007,280.784,1.13331293,0.15111781,8.8866,0.59880743,-0.96214690,-0.01005966,0.06044698,-0.13814023,-0.01000153
2442435.954842,6.6014540e-01,0.39507,281.672,1.13331289,0.15111781,8.8868,0.59881549,-0.96214186,-0.01005784,0.06044708,-0.13814032,-0.00999971
2442435.956717,6.8681490e-01,0.35207,284.746,1.13331278,0.15111784,8.8875,0.59884340,-0.96212442,-0.01005155,0.06044746,-0.13814065,-0.00999342
2442435.957258,7.0475760e-01,0.32407,285.633,1.13331274,0.15111785,8.8877,0.59885145,-0.96211939,-0.01004974,0.06044756,-0.13814074,-0.00999160
2442435.960258,7.6285110e-01,0.23807,290.551,1.13331255,0.15111790,8.8889,0.59889609,-0.96209148,-0.01003967,0.06044816,-0.13814126,-0.00998154
